videoId,publishedAt,title,description,categoryId,duration,dimension,definition,caption,contentRating,viewCount,likeCount,commentCount
j6R_Unjyv-k,2023-05-06 21:40:08,이례적 날씨가 ‘일상’…바다가 심상치 않다 [9시 뉴스] / KBS  2023.05.06.,"저희 9시 뉴스에서 새롭게 준비한 코너입니다. 각 분야에서 활약하고 있는 KBS의 공식 '전문기자' 들이, 우리 생활에 유용하면서도 깊이있는 정보, 전달해 드리는 시간입니다. 오늘(6일)은 첫 순서로, 김세현 기상전문 기자가, 올 한해 날씨전망, 특히, '기상 이변' 가능성에 관해서 설명드립니다.

[리포트]

 아직 5월 초반인데, 여름철에나 내릴 법한 폭우가 쏟아졌습니다.

 올 봄, 역대 가장 더웠던 3월에 이어, 지난달까지 기온이 가장 높은 상황입니다.

 지난달은 전 지구적으로 가장 더운 4월로 기록될 거로 보인다는데요.

 이런 기상 이변은  왜 일어나는 걸까요?

 지구 표면의 70%를 차지하는  바다의 영향이 큽니다.

 전문가의 말 들어보겠습니다.

 [디트마르 도멘게트/호주 모나시대학교 대기·환경 학부 교수 : ""해양 온도가 1도 상승하면, 육지는 보통 1도 이상 상승하는데, 이는 육지가 해양에 매우 민감하기 때문입니다. 바다가 따뜻해지면 기온의 극단과 날씨 패턴의 변화도 보게 될 것입니다.""]

 그런데, 올해 바다 상황이 심상치 않습니다.

 지난달 초, 21.1도로 역대 가장 뜨거웠는데요.

 이유가 뭘까요?

 전문가들은 뜨거워지는 열대 태평양을 주목하고 있습니다.

 지난 3년 동안 열대 태평양에 발생했던 라니냐가 끝나고, 엘니뇨가 발달하고 있기 때문입니다.

 열대 태평양에는 해수면 온도 감시 구역이 있는데요.

 그 지역의 온도가 평년보다 낮은 상태가 이어지면 라니냐, 높은 상태가 이어지면 엘니뇨라고 합니다.

 실제 지난 3년 동안 라니냐가 이어지면서 태평양의  해수면 온도는 푸른 빛으로, 평년보다 차가웠는데요.

 지난 3월, 라니냐가 끝나자마자 붉은빛을 보이며 평년보다 뜨거워지는 게 보이시죠?

 앞으로 엘니뇨가 발달하면서 더 뜨거워질 거로 보이는데, 이번 엘니뇨, 예사롭지 않습니다.

 라니냐가 이례적으로  3년이나 발생한 뒤 나타나는 엘니뇨이기 때문입니다.

 [안순일/연세대학교 대기과학과 교수 : ""그 라니냐에 의해서 축적된 에너지가 이제 다시 해수면으로 올라오게 되는 거죠. 이런 경우에는 오랫동안 에너지가 많이 축적되어 있었기 때문에 강한 엘니뇨가 발생할 수 있는 가능성이 매우 높다고 볼 수가 있습니다.""]

 여기서 주목해야할 지역은 바로 서태평양입니다.

 라니냐로 열 에너지가 쌓인 곳인데요.

 취재 결과, 최근까지도 역대 가장 많은 에너지가 축적된 것으로 분석됐습니다.

 일반적인 엘니뇨보다 해수면 온도를 1.5도 더 높이는 슈퍼 엘니뇨로 발달할 수 있다는 얘기가 나오는 이유입니다.

 엘니뇨는 열대 태평양에 나타나는 현상이지만, 전 세계에 곳곳에 기상 이변을 일으킵니다.

 호주와 인도네시아는 심한 가뭄을, 남아메리카에는  폭우를 만들 수 있습니다.

 영향은 지역과 계절별로 차이가 있지만, 극한 기상 현상들이 나타날 가능성이 매우 커진다는 거죠.

우리나라도 당장 올 여름, 7월 중순부터 8월 중순에 남부 지방에 집중호우가  잦아질 수 있습니다.

 또, 엘니뇨는  일반적으로 겨울철에 가장 강하게 발달하는데요.

 그 과정에서 우리나라는 초겨울 기온이 평년보다 높고, 폭우 가능성도 높습니다.

 문제는, 올해로 끝이 아니라는 겁니다.

 엘니뇨 영향에 내년이 더 뜨거운 해가 될 거란 전망이 나오고 있습니다.

 [마이클 맥파덴/미국해양대기청 수석 과학자 :  ""엘니뇨의 정점이 지난 후의 해에는 전 세계 평균 지표면 온도가 가장 높게 나타납니다. 열대 태평양에서 나오는 열기가 전 지구로 퍼지는데 시간이 걸리기 때문입니다. 그래서 2023년에 엘니뇨가 발생한다면, 2024년에는 연평균 전 지구 기온의 새로운 기록이 세워질 가능성이 높습니다.""]

 지구 온난화에 엘니뇨 효과까지 더해지며 기상 이변 가능성이 높아지고 있습니다.

 당장 올 여름, 우리나라도 기록적인 폭염이나 폭우가 발생 할 수 있는 만큼, 재난 대비에 서둘러야 할 것으로 보입니다. 

 KBS 뉴스 김세현 입니다.

 영상편집:최찬종/그래픽:김정현

▣ KBS 기사 원문보기 : http://news.kbs.co.kr/news/view.do?ncd=7669199

▣ 제보 하기
◇ 카카오톡 : 'KBS제보' 검색
◇ 전화 : 02-781-1234
◇ 홈페이지 : https://goo.gl/4bWbkG
◇ 이메일 : kbs1234@kbs.co.kr

#바다 #기상 #엘니뇨",25,PT4M24S,2d,hd,false,,637,12,0
rrAtjaM0qHA,2023-05-06 19:29:25,"[날씨] 강원·영남 밤까지 비…내일(7일)도 강풍, 중부 오후부터 갬 / KBS  2023.05.06.","비구름이 동쪽으로 이동해, 일부 내륙과 강원도, 영남에  비가 내리고 있습니다. 이번 비는 오늘 밤에 대부분 그치겠습니다. 바람은 여전히 강한데요. 전국에 부는 초속 15m 이상의 강풍은 일요일인 내일도 이어지겠습니다. 강풍으로 인한 시설물 피해 없도록 주의하시기 바랍니다.

 내일은 전국이 대체로 흐리다가 오후부터 중부지방을 중심으로 차차 맑아지겠고, 호남과 경남, 제주도에는 가끔 비가 오겠습니다.

 내일 제주도에는 5~20mm, 호남과 경남에는 5mm 안팎의 비가 더 내리겠습니다.

 내일 아침 기온은 오늘보다 낮은 곳이 많겠고, 낮 기온은 중부지방을 중심으로 큰 폭으로 올라 서울 20도, 청주 19도 예상됩니다.

 물결은 전 해상에서  최고 4~5m로 높게 일겠고, 제주도 해안에는  높은 너울이 밀려오는 곳이 있겠습니다.

 다음 주에는 비 소식 없이 맑은 날이 많겠습니다.

 날씨였습니다.

 강아랑/그래픽:이주혁/진행:전민지

▣ KBS 기사 원문보기 : http://news.kbs.co.kr/news/view.do?ncd=7669182

▣ 제보 하기
◇ 카카오톡 : 'KBS제보' 검색
◇ 전화 : 02-781-1234
◇ 홈페이지 : https://goo.gl/4bWbkG
◇ 이메일 : kbs1234@kbs.co.kr

#구름 #비 #",25,PT1M24S,2d,hd,true,,2093,68,0
KxOVSWZkutw,2023-05-06 21:53:15,"우상혁, 발뒤꿈치 통증 딛고 은메달 [9시 뉴스] / KBS  2023.05.06.","한국 남자 높이뛰기 간판  우상혁이 세계 최정상급 선수들이 참가한 다이아몬드리그 개막전에서 2위를 차지했습니다. 발뒤꿈치 통증 후유증속에서도 값진 은메달을 따냈습니다. 정현숙 기자입니다.

 [리포트]

 부상의 후유증은  2m 27에서 나타났습니다.

 도움닫기에서 완벽하게 힘을 쓰지 못하면서 1,2차시기를 모두 실패했습니다.

 하지만 우상혁은 노련하게 김도균 코치와 대화하며 해법을 찾았습니다.

 위기의 순간,   꺾이지 않는 긍정에너지로 힘차게 바를 넘었습니다.

 우상혁은 흥겨운 복싱 세리머니로 성공을 자축했습니다.

 [현지 해설 멘트 : ""저는 우상혁을 정말 좋아합니다. 끼가 많아요.""]

 2m27의 승부처에서 도쿄올림픽 금메달리스트 바심이 탈락하는 이변속에, 시즌랭킹 1위인 미국의 해리슨이 우상혁의 새로운 경쟁자로 떠올랐습니다.

 멀리뛰기 겸업선수인 해리슨은 탄력  넘치는 점프로 2m30을 단번에 넘었습니다.

 우상혁은 2m30을 패스하고, 2cm를 더 높이는 승부수를 띄었지만 세 번의 도전을 모두 실패하며  해리슨에 이어 2위를 차지했습니다.

 [우상혁 : ""준우승했지만 그래도 시작이 나쁘지 않은 것 같습니다. 늦은 시간에 응원해주셔서 감사합니다.""]

 시즌 첫 실외대회에서 은메달을 따내며 희망과 과제를 확인한 우상혁은, 오는 9일 아시안게임 대표선발전인 KBS배 대회에서 도약을 이어갈 예정입니다.

 KBS 뉴스 정현숙입니다.

▣ KBS 기사 원문보기 : http://news.kbs.co.kr/news/view.do?ncd=7669226

▣ 제보 하기
◇ 카카오톡 : 'KBS제보' 검색
◇ 전화 : 02-781-1234
◇ 홈페이지 : https://goo.gl/4bWbkG
◇ 이메일 : kbs1234@kbs.co.kr",25,PT1M57S,2d,hd,false,,69,2,0
Vv8_Z0oBOwI,2023-05-06 21:14:59,광주·전남 나흘간 300mm…전국 곳곳 피해 잇따라 [9시 뉴스] / KBS  2023.05.06.,"가뭄 속에 많은 분들이 단비를 기다렸지만 일부 지역에는 너무 많이 왔습니다. 나흘 동안 3백 밀리미터 이상 비가 쏟아진 남부 지방에, 피해가 속출했습니다. '강풍'까지 동반한, 때아닌 봄철 폭우... 농작물을 오히려 망치고, 빗길 사고를 유발하기도 했습니다. 백미선 기자가 종합했습니다.

 [리포트]

 보리와 밀을 재배하는 전남의 한 간척지 논입니다.

 이제 막 영글기 시작한 밀이 곳곳에 쓰러져 있습니다.

 한 달 뒤 수확철에 쭉정이만 거두지 않을까 농민들의 걱정이 큽니다.

 [이영길/밀 재배 농민 : ""익어서 쓰러지면 괜찮은데 여물지도 않았어요. 손으로 깨면 픽픽 깨져버려요.""]

 나흘 동안 최대 3백40mm의 비가 내린 전남에선 논밭 728㏊가 물에 잠기거나 작물이 쓰러지는 피해가 났습니다.

 도시가스 공급이 끊긴 마을에서 굴착기를 투입해 응급복구 작업이 한창입니다.

 상수도관 누수로  가스 배관에 물이 차면서 광주지역 280여 가구에  가스 공급이 중단됐습니다.

 전남에서만 5개 시군 도로 6곳이 유실됐습니다.

 같은 기간 한라산에 1000mm 넘는 폭우가 쏟아진 제주에서도 농작물 피해가 잇따랐습니다.

 열매를 맺던 미니 단호박이 강풍에 줄기가 꺾였습니다.

 침수됐던 잎은 썩거나 말라갑니다.

 [장봉길/단호박 재배 농민 : ""긴급하게 농약비라도 지원해서 2~3일내로 (날이) 풀린다니까 방제라도 할 수 있게끔 좀 지원해줬으면 하는 바람이 있습니다.""]

 부산에선 빗길을 달리던 45인승 통근버스가 갓길에 주차된 화물차를 들이받아 버스 기사와 승객 11명이 다쳤습니다.

 또 돌덩이가 도로에 떨어지는 등  부산에서만 79건의 강풍 피해가 접수됐습니다.

 오후 들어 비구름대가 북상한 경북에서도 축대가 무너져 주택을 덮치는 등 피해 신고 20여 건이 접수됐습니다.

 경북 문경시에선 불어난 강물에 40대 낚시객이 한때 고립됐다 구조됐습니다.

 KBS 뉴스 백미선입니다.

 촬영기자:김강용 고아람/영상편집:이두형

▣ KBS 기사 원문보기 : http://news.kbs.co.kr/news/view.do?ncd=7669190

▣ 제보 하기
◇ 카카오톡 : 'KBS제보' 검색
◇ 전화 : 02-781-1234
◇ 홈페이지 : https://goo.gl/4bWbkG
◇ 이메일 : kbs1234@kbs.co.kr

#폭우 #침수 #사고",25,PT2M24S,2d,hd,false,,438,8,0
ZT16LJDw0Uc,2023-05-06 17:09:40,“오염수 방류 반대…한국 입장 일 총리 전해야” / KBS  2023.05.06.,"기시다 일본 총리의 방한이 하루 앞으로 다가온 가운데, 환경 단체들이 후쿠시마 원전 오염수의 해양 방류계획을 반대한다는 뜻을 거듭 밝혔습니다. 환경보건시민센터와 환경운동연합 등 시민단체들은 오늘 오후 서울 종로구 일본대사관 앞에서 이와 같은 내용을 담아 기자회견을 진행했습니다.
이들은 ""대한민국 국민들은 후쿠시마 원전 오염수의 해양투기를 분명히 반대한다""며 ""윤석열 대통령은
기시다 총리에게 이와 같은 한국 국민들의 뜻을 분명히 전해야 한다""고 주장했습니다.

▣ KBS 기사 원문보기 : http://news.kbs.co.kr/news/view.do?ncd=7669158

▣ 제보 하기
◇ 카카오톡 : 'KBS제보' 검색
◇ 전화 : 02-781-1234
◇ 홈페이지 : https://goo.gl/4bWbkG
◇ 이메일 : kbs1234@kbs.co.kr

#오염수방류 #기시다 #한일회담",25,PT44S,2d,hd,false,,433,12,0
agufJjqjRMc,2023-05-06 21:40:31,‘내 보증금 괜찮을까’…“비싸도 월세로” [9시 뉴스] / KBS  2023.05.06.,"최근 전세 사기 여파에다 전셋값도 떨어지면서 세입자들의 걱정이 커지고 있습니다. 보증금을 제때 돌려받을 수 있을지 불안한 건데요. 이러다 보니 주거비 부담이 늘더라도 보증금을 지키기 위해 월세로 돌아서는 경우가 늘고 있습니다. 김지숙 기자가 취재했습니다.

 [리포트]

 석 달 뒤  전세 계약이 끝나  이사를 결정한 30대입니다.

 지금 살고 있는 집 주인이 3번이나 바뀌면서, 전 재산이나 다름없는 전세 보증금을  돌려받을 수 있을지 걱정입니다.

 [국OO/전세 세입자 : ""집을 사고 팔고 하는 사람들이 이 집을 거쳐 간다는 건데, 그 안에서 나는 계속 안전할까.""]

 전세 사기 여파로 불안 심리가 확산 되는 상황에서 전세가격도 하락세입니다.

 실제로 올해 1분기까지  전국에서 거래된 전세 물량 10건 중 6건 이상이 계약 시점인 2년 전보다 가격이 떨어졌습니다.

 당장 '역전세난'이 심화될 수 있다는 우려가 나오는 배경입니다.

 집주인이 자금이 부족할 경우, 기존 세입자들이  보증금을 돌려받기  어려워질 수도 있다는 뜻입니다.

 [유상근/공인중개사 : ""(전세 보증금을) 많이 내려야 되는 경우는 이제 할 수 없이 요즘에 '역월세'라고 그렇게 표현하던데 월세를 오히려 임차인이 원래는 줘야 되는데 임대인이 주는 경우가 있다고...""]

 이렇다 보니  전세 거래도 지난해 같은 기간보다  크게 줄었습니다.

 보증금 미반환 우려에 전세 대신 월세를 찾는 사람이 늘면서 월세 거래량은 꾸준히 늘고 있고, 특히 100만 원이 넘는 고액 월세도 증가추세입니다.

 [우병탁/신한은행 부동산투자자문센터 팀장 : ""결국은 이러한 현상들은 금리에 관한 이슈라든지 아니면 전세사기와 관련된 이슈들이 일단락이 되는 시점, 적어도 올해 하반기 매매까지는 월세 선호 현상이 계속 지속될 것이라고 예상이 됩니다.""]

 다만, 세입자들의 수요가 월세에 과도하게 집중되면 주거비용이 늘어나는 만큼, 세입자들이 다시 전세로 돌아설 수 있다는  관측도 나옵니다.

 KBS 뉴스 김지숙입니다. 

촬영기자:박장빈/영상편집:전유진/그래픽:김지훈

▣ KBS 기사 원문보기 : http://news.kbs.co.kr/news/view.do?ncd=7669200

▣ 제보 하기
◇ 카카오톡 : 'KBS제보' 검색
◇ 전화 : 02-781-1234
◇ 홈페이지 : https://goo.gl/4bWbkG
◇ 이메일 : kbs1234@kbs.co.kr

#월세 #보증금 #전세사기",25,PT2M9S,2d,hd,false,,453,7,0
4zzfZ10GzRI,2023-05-06 21:14:42,"“코로나19 위기단계 하향, 곧 정할 것”…자가격리 7일→5일  [9시 뉴스] / KBS  2023.05.06.","여러분 안녕하십니까, 9시 뉴스 오늘(6일)은, '코로나19' 소식으로 문을 엽니다. 3년 여 전...세계의 명소들은 이렇게 폐쇄됐습니다. 콜로세움, 에펠탑 할 것 없이 인적이 끊겼습니다. 당시 세계보건기구는 '국제 비상 사태'를 선포했고, 여러 나라에서 '외출 금지령'까지 이어졌습니다. 그리고 마침내, 그 '비상 사태'가, 종식되기에 이르렀습니다. 이제는 코로나19도 일반적인 '유행병' 수준으로 관리할 수 있다는 건데... 그동안에 이미, 인류는 너무 큰 상처를 입었습니다. 공식 집계된 사망자만 7백 만 명... 실제로는 '2천 만 명'도 넘을 것으로 WHO는 추산합니다. 변이에 대한 우려도 여전하지요? 이런 상황에서, 우리의 '방역'도 이제, 큰 전환점을 맞게 될 텐데, 박광식 의학전문 기자가 보도합니다.

 [리포트]

 방역당국은 신속하게 코로나19 위기 단계를 내리기로 했습니다.

 위기평가회의 등을 거쳐 이달 중순쯤 결정될 것으로 보이는데,  3년 넘게 지속된 '심각' 단계를 '경계'로 낮추는 게 핵심 내용입니다.

 방역 규제를 완전히 해제하는 3단계 이행 방안 중 첫 번째 조치에 해당합니다.

 1단계 조정이 시행되면 격리 의무 기간이 닷새로 이틀 단축됩니다.

 확진자 숫자 등 코로나19 관련 통계도 주간 단위로 발표합니다.

 [지영미/질병관리청장/3월29일 정례브리핑 : ""위기단계가 경계로 하향되면 범부처 비상대응체계에서 보건방역당국 중심의 관리체계로 대응수준이 완화되는 효과가 있습니다.""]

 다만 1단계 조치에선 의료 기관과 취약 시설 마스크 착용 의무는 유지됩니다.

 7월로 예상되는 2단계 조치가 시행되면 확진자 격리 의무가 전면 권고로 바뀝니다.

 마지막 3단계는 코로나19를 독감처럼 관리하는 건데, 내년 이후로 예상됩니다.

 [정재훈/가천의대 예방의학과 교수 : ""어느 정도 조정이 다 이루어진 상황이기 때문에 빠른 접근이 가능하리라 생각하고요. 그것보다 더 중요한 것이 국가 단위의 준비라든지 지원 같은 것들이 평상시 수준으로 돌아간다는 게 더 중요한 의미를 가지고 있다고 생각합니다.""]

 새로운 변이 등 불확실성이 여전히 존재한다는 점은 경계 대상입니다.

 하지만 백신과 치료제 등 의료 대응 수준이 높아진만큼 큰 위기 가능성은 낮을 것으로 전문가들은 예측했습니다.

 재택 근무와 아프면 쉴 권리, 비대면 진료 등 급하게 도입했던 제도들에 대한 체계 마련과 사회적 합의도 필요합니다.

 KBS 뉴스 박광식입니다.

▣ KBS 기사 원문보기 : http://news.kbs.co.kr/news/view.do?ncd=7669189

▣ 제보 하기
◇ 카카오톡 : 'KBS제보' 검색
◇ 전화 : 02-781-1234
◇ 홈페이지 : https://goo.gl/4bWbkG
◇ 이메일 : kbs1234@kbs.co.kr

#코로나19 #자가격리 #WHO",25,PT3M1S,2d,hd,false,,387,7,0
fjdip7qyqk8,2023-05-06 21:44:41,[주말&문화] 때묻지 않은 ‘순수의 미학’…‘골목 화가’ 원계홍 [9시 뉴스] / KBS  2023.05.06.,"주말 앤 문화 시간입니다. 오직 그림을 향한 열정만으로 홀로 미술을 공부해 서울의 골목길 풍경을 그려 온 화가가 있습니다. 그는 익숙한 풍경들을 남다른 시선으로 화폭에 담아냈는데요. 그의 탄생 100주년을 맞아 대표작을 선보이는 자리가 마련됐습니다. 어떤 화가의 작품인지 김석 기자가 소개합니다.

 [리포트]

 인적 없는 새벽 서울의 어느 골목길 풍경.

 화면 왼쪽에 커다란 붉은 벽이, 골목 건너 오른쪽엔 저마다 다른 색깔의 문들이 경쾌한 리듬을 보여줍니다.

 회색빛으로 물든 또 다른 풍경 속엔, 그 시절 골목 한구석을 지켰을 가게 간판이 보입니다.

 특별할 것 없는 풍경에 담긴 색다른 깊이.

 화면을 세 가지 색으로 과감하게 표현한 감각이 돋보입니다.

 우리에게는 생소한 화가 원계홍.

 정규 미술교육은 안 받았지만, 그저 그리는 게 좋아서 독학으로 미술을 공부하며 평생을 그리는 일에 바쳤습니다.

 [이수균/성곡미술관 학예연구실장 : ""우리가 좀 더 다가서 보면 그의 작품 전반에 흐르는 회색빛 분위기와 또 자신만의 독특한 붓 자국을 그대로 살리며 드러내고 있습니다.""]

 그 시대 화가들에게선 볼 수 없는 때 묻지 않은 조형 감각.

 나이 쉰다섯에 첫 개인전을 열었을 정도로 생전에는 큰 빛을 못 봤지만, 그의 작품들이 지금까지 남을 수 있었던 건 일찍이 화가의 진면목을 알아본 소장가 덕분.

 처음 그림을 본 그 날의 기억은 지금도 생생합니다.

 [김태섭/원계홍 작품 소장가 : ""그냥 확 빨려 들어가는 느낌이었어요. 그냥 쭉 빨려 들어갔다고. 그래서 안방에서 몇 작품을 보고 그다음에 이제 그날 밤에 사모님이 주신 사진, 사진을 딱 보는데 그냥 쭉, 소름이 끼치는 전율감이 쭉 오더라고. 아, 이게 여태까지 한국 미술에 이런 그림은 거의 처음 본 거예요.""]

 탄생 100주년을 맞아 33년 만에 열리는 이번 전시회에선 골목 풍경화부터 인물화와 정물화까지 화가의 대표작 100여 점을 선보입니다.

 KBS 뉴스 김석입니다.

 촬영기자:오승근/영상편집:최정연/자막제작:임희수

▣ KBS 기사 원문보기 : http://news.kbs.co.kr/news/view.do?ncd=7669218

▣ 제보 하기
◇ 카카오톡 : 'KBS제보' 검색
◇ 전화 : 02-781-1234
◇ 홈페이지 : https://goo.gl/4bWbkG
◇ 이메일 : kbs1234@kbs.co.kr

#원계홍 #골목길 #화가",25,PT2M40S,2d,hd,false,,157,5,0
qgTC6UdZ25U,2023-05-06 21:21:56,"일본, ‘과거사’보단 북한 대응 등 안보·​​경제 협력 부각 [9시 뉴스] / KBS  2023.05.06.","일본 쪽에선 이번 회담이, '경제'와 '안보', 두 축에 초점을 둘 것으로 보고 있습니다. 일본 정부도 그렇고, 언론도 마찬가지고, 한-일 '과거사' 문제에 대해서는, 아직까지 별다른 언급이 없는 상황입니다. 도쿄에서 박원기 특파원이 보도합니다.

 [리포트]

 이시카와현에서 발생한 규모 6.5 강진과 40여 차례의 크고 작은 여진.

 아프리카와 싱가포르 순방을 마친 기시다 총리는  어젯(5일)밤 도쿄에 도착해 지진 피해 상황을 보고받은 뒤 이렇게 말했습니다. 

 [기시다 후미오/일본 총리/어젯밤 : ""한국 방문 등 향후 일정에 대해서는 지진 피해 상황 등을 보면서 적절히 판단하겠습니다.""]

 피해 정도에 따라 방한 계획이 바뀔 수도 있다는 의미로 읽혔는데, 일본 정부는 오늘(6일) 오후 기시다 총리의 방한을 최종 확인했습니다.

 일본 정부 당국자는 우선 이번 방한이  2011년 노다 총리의 방문 이후 끊긴 '셔틀 외교'가 12년 만에 복원됐다는 데 의미를 뒀습니다.

 또, 한국에 대해선 ""국제 사회가 직면한 다양한 문제를 해결하기 위해  함께 노력해야 하는  중요한 이웃 국가""라고 평가하고 특히 ""북한 대응을 포함한 최근 전략 환경에서  한-일, 한-미-일 협력의 중요성은 의심할 여지가 없다""고 강조했습니다.

 이어, 히로시마 주요 7개국 정상회의보다 먼저 열리는 이번 양자 회담에서 ""두 정상은  인도·태평양 지역에서의 협력 등을 확인할 것""이라고 밝혔습니다.

 앞으로도  두 정상이 서로 자주 방문해 양국 관계 발전을 본 궤도에 올려놓을 기회로 활용할 것이라고도 말했는데, 역사 문제 대응에 관해선 말을 아꼈습니다.

 이런 분위기를 반영하듯 일본 언론들은 대체로 이번 정상회담에서 한일 간 역사 문제보다는 경제와 안보 협력 문제가  비중 있게 다뤄질 것으로 예상하고 있습니다.

 강제동원 문제 등에 관한 일본 측의 이른바 '성의 있는 호응'이 있을지에 관심이 큰 한국 여론과는 상당한 거리가 있어 보입니다.

 도쿄에서 KBS 뉴스 박원기입니다.

 촬영:안병욱/영상편집:고응용/그래픽:김석훈/자료조사:조영은

▣ KBS 기사 원문보기 : http://news.kbs.co.kr/news/view.do?ncd=7669193

▣ 제보 하기
◇ 카카오톡 : 'KBS제보' 검색
◇ 전화 : 02-781-1234
◇ 홈페이지 : https://goo.gl/4bWbkG
◇ 이메일 : kbs1234@kbs.co.kr

#일본 #북핵 #경제협력",25,PT2M15S,2d,hd,false,,520,8,0
LHYAAVWSgQM,2023-05-06 17:15:02,"김남국 “적법 거래, 정치생명 건다”…국민의힘 “억울하면 소명하라” / KBS  2023.05.06.","민주당 김남국 의원이 한때 60억 원어치의 코인을 보유했던 사실이 알려져 논란이 일고 있습니다. 김 의원은 모든 거래 과정은 적법했으며, 이번 일이 크게 불거진 건 한동훈 검찰의 작품이라고 주장했습니다. 이에 대해 한 장관은 근거 없이 국가기관을 폄훼하지 말라고 했고, 여당도 이틀째 공세를 이어갔습니다. 김시원 기자의 보도입니다.

 [리포트]

 김남국 의원은 오늘 자신의 SNS에 이번 '코인 논란'은 한동훈 검찰의 작품으로 생각한다고 주장했습니다.

 자신의 정치 생명과 전 재산을 걸겠다며 과연 출처가 불분명한 돈을 갖다 투자했는지, 불법적 투자가 있었는지 전부 확인해 보자고 했습니다.

 앞서 한 언론은  김 의원이 60억 원어치의  코인을 보유하다 인출했는데, 이후 재산 신고 내용엔 큰 변동이 없었다며, 자금 흐름에 대한 의혹을 제기했습니다.

 금융정보분석원, FIU도 김 의원의 코인 투자에  의심스런 거래가 있다며, 검찰 등 수사기관에  통보한 것으로 알려졌습니다.

 이에 대해 김 의원은, 지난해 3월 말 코인 거래 실명제 이전에 자금 출처와 실명 지갑 주소를 거래소에 제출했다며 금융당국도 아무런 문제가 없다는 걸 다 알았을 거라고 주장했습니다.

 그러면서 국민의힘  이준석 전 대표가 가상화폐로 돈을 벌면 자랑이고, 자신이 투자로 돈을 벌면  문제가 되느냐고 반문했습니다.

 한동훈 법무부 장관은 구체적 사안은 알지 못하지만 누구도 김 의원에게  거액의 코인을 사라거나  금융당국에 적발되라고 한 적이 없다며 논리와 근거 없이 국가기관을 폄훼하는 게 유감이라고 밝혔습니다.

 여당도 이틀째 공세를 이어갔습니다.

 [윤희석/국민의힘 대변인 : ""국민들은 김남국 의원이 벌인 거래의 투명성, 투자의 정당성을 의심하고 있기 때문입니다. 억울하면 소명하십시오.""]

 국민의힘은  김 의원이 코인을 보유했을 당시 과세 유예 입법을 한 것은 이해충돌을 넘어  입법권 남용이라고 비판했습니다.

 KBS 뉴스 김시원입니다.

 촬영기자:류재현/영상편집:송화인

▣ KBS 기사 원문보기 : http://news.kbs.co.kr/news/view.do?ncd=7669159

▣ 제보 하기
◇ 카카오톡 : 'KBS제보' 검색
◇ 전화 : 02-781-1234
◇ 홈페이지 : https://goo.gl/4bWbkG
◇ 이메일 : kbs1234@kbs.co.kr

#김남국 #코인 #한동훈",25,PT2M12S,2d,hd,true,,31158,386,929
jaLahEgTiUk,2023-05-06 21:43:12,"[풀영상] 뉴스9 : “코로나19 위기단계 하향, 곧 정할 것”…자가격리 7일→5일 – 2023년 5월 6일(토) / KBS","KBS1,  KBS2TV에서 선별된 뉴스, 시사, 다큐멘터리 프로그램들을 365일 24시간 실시간으로 전해드립니다. 

▣ 실시간 편성정보(Schedule) : https://goo.gl/DRTpbv

▣ KBS 뉴스 보기
 ◇ PC : http://news.kbs.co.kr
 ◇ 모바일 : http://mn.kbs.co.kr

▣ 제보안내
 ◇ 카카오톡에서 'KBS뉴스' 검색
 ◇ 전화: 02-781-1234
 ◇ 홈페이지: https://goo.gl/4bWbkG
 ◇ 이메일: kbs1234@kbs.co.kr

▣ KBS뉴스 유튜브 구독하기 : https://goo.gl/qCWZjZ
▣ KBS뉴스 유튜브 커뮤니티 : https://goo.gl/6yko39",25,PT43M41S,2d,hd,false,,12972,165,0
d_2GFFSHAQI,2023-05-06 21:53:47,"라스·무릴로 연속골, 수원FC 4경기 만에 승리 [9시 뉴스] / KBS  2023.05.06.","프로축구에선 수원FC가 라스와 무릴로, 외국인 듀오의 연속골로 강원을 꺾고 4경기 만에 승리를 신고했습니다. 

수원FC의 선제골은 부상에서 돌아온 라스의 머리에서 나왔습니다.

 정동호가 하프라인 앞에서 길게 올린 패스를 라스가 훌쩍 뛰어올라 강원의 골망을 흔들었습니다.

 후반전 수원FC는  윤빛가람의 퇴장으로 위기에 몰렸는데요.

 이번엔 무릴로가 해결사로 나섰습니다.

 무릴로는 환상적인 프리킥으로  사실상 승부에 마침표를 찍었습니다.

 수적열세 속에도 강원을 2대 0으로 꺾은 수원FC는 4경기 만에 승리를 챙겼습니다.

 제주는 행운의 자책골에 힘입어 포항을 꺾고, 작년 8월 이후 홈에서 무려 265일 만에 승리를 챙겼습니다.

▣ KBS 기사 원문보기 : http://news.kbs.co.kr/news/view.do?ncd=7669228

▣ 제보 하기
◇ 카카오톡 : 'KBS제보' 검색
◇ 전화 : 02-781-1234
◇ 홈페이지 : https://goo.gl/4bWbkG
◇ 이메일 : kbs1234@kbs.co.kr

#수원FC #프로축구 #K리그",25,PT1M1S,2d,hd,false,,37,1,0
nk8DcO9ZMc4,2023-05-06 21:24:29,시민 500인 ‘첫 공론조사’ 결과에 관심…KBS 생중계 [9시 뉴스] / KBS  2023.05.06.,"22대 국회의원 선거가 내년 4월에 열립니다. 그에 앞서 선거 제도를 바꾸자는 논의가 진행 중인데, 이번에는 특히, '시민'들이 직접 토의하고 뜻을 모으는, 대규모 공론 조사가 시작됐습니다. 지역, 연령, 성별에 따라 모집한 500명이 참여하고, 이를 생중계까지 하는, 세계적으로도 유례가 없는 방식입니다. 더이상 선거 제도를 정치인들 손에만 맡겨두지 말고, 시민들이 직접 참여해서 바꿔보자는 취지입니다. 오늘(6일) 그 첫 토의가 있었는데. 5백 명의 참가자들, 앞으로 일주일 간 각자 고민의 시간을 거친 뒤, 오는 13일에 다시 만나서, 최종적인 결과를 도출합니다. KBS는 국회와 함께 이 '500인 회의' 과정을 두 차례에 걸쳐 생중계합니다. 김영은 기자의 보도입니다.

 [리포트]

 전국에서 모인 500인의 시민참여단이 각 지역별로 한 자리에 모였습니다.

 [""선서!!""]

 첫 공론조사의 주제는 지역구 국회의원의 선거구 크기.

 선거구당 의원 1명을 뽑는 현행 소선거구제, 그리고 3명에서 5명을 뽑을 수 있는 중선거구제, 5명 이상을 뽑을 수 있는 대선거구제에 대한 강의를 시청합니다.

 [최태성/강사 : ""삼겹살이 1등으로 뽑혔어요. 우린 다 삼겹살 먹어야 돼. 그런데 이젠 삼겹살도 먹고 그 옆에서 초밥도 먹고 또 그 옆에선 비빔밥도 먹을 수 있다는 겁니다.""]

 중대선거구제의 장단점에 대한 전문가들의 설명이 이어집니다.

 [신정섭/숭실대 정치외교학과 교수 : ""한 선거구에서 2~3명을 선출할 때보다 4명, 5명, 6명 이렇게 더 많은 숫자를 선출할 때 비례성이 높아진다고...""]

 [장승진/국민대 정치외교학과 교수 : ""하나의 선거구에서 서로 다른 정당 소속 의원들이 배출이 된다면, 지역구의 여러 가지 발전이라든지 혹은 안 좋은 결과에 대한 책임을 누구에게 물어야 되느냐가...""]

 시민참여단의 날카로운 질문도 쏟아졌습니다.

 [장윤정/시민참여단/부산 : ""제가 스페인에서 살다 왔는데, 스페인도 중대선거구제를 하고 있었어요. 사실상 양당제를 유지하고 있고...""]

 [이광용/KBS 아나운서 : ""스튜디오가 술렁거렸거든요. 교수님들이 당황하고 계세요.""]

 [강우창/고려대 정치외교학과 교수 : ""제도를 어떻게 설계하느냐에 따라서 중대선거구제의 효과가 양당제를 줄이는 데 도움이 될 것인지, 아닌지 달려 있다...""]

 시민참여단은 일주일 뒤인 오는 13일엔 비례대표 국회의원 선출 방식 등을 집중 논의할 계획입니다.

 이후 500명의 시민이 원하는  선거제도 개편 방향을 발표합니다.

 KBS 뉴스 김영은입니다.

 촬영기자:류재현/영상편집:이재연/그래픽:김정현

▣ KBS 기사 원문보기 : http://news.kbs.co.kr/news/view.do?ncd=7669194

▣ 제보 하기
◇ 카카오톡 : 'KBS제보' 검색
◇ 전화 : 02-781-1234
◇ 홈페이지 : https://goo.gl/4bWbkG
◇ 이메일 : kbs1234@kbs.co.kr

#시민 #선거제 #개편",25,PT2M40S,2d,hd,false,,393,8,0
cFCwCUmgNR4,2023-05-06 21:17:30,"내일(7일) 한일정상회담, 후쿠시마 오염수 의제 오를 듯 [9시 뉴스] / KBS  2023.05.06.","한일 정상회담이 내일(7일) 열립니다. 50여 일 전에는 도쿄에서 회담이 있었고, 내일은 서울에서 다시 만납니다. 어떤 의제가 논의될 것이냐, 관심이 높은데, 일단 후쿠시마 오염수 방류 문제, 포함될 가능성이 높아 보이고, 특히, 검증 과정에 한국 조사단을 파견하는 방안, 논의 중인 걸로 알려졌습니다.보도에 우한솔 기잡니다.

 [리포트]

 지난 3월 윤석열 대통령이 일본 도쿄를 방문한지 52일 만에 기시다 일본 총리가  '답방' 차원으로, 내일 서울을 찾습니다.

 두 정상은 용산 대통령실에서 한일 정상회담을 진행합니다.

 회담 의제가 관심인 가운데, 일본이 이르면 7월부터 방류할 계획인 것으로 알려진  후쿠시마 오염수 문제도  의제에 포함될 것으로 예상됩니다.

 대통령실 관계자는 ""과학적으로 안전한 게 가장 중요""하고 ""우리 국민들이 받아들일 만한 정서적 문제도 있기 때문에 일본이 추가 조치를 더 해줘야 한다""고 강조했습니다.

 후쿠시마 오염수 방류와 관련해 정부는 그동안 국제 기준에 부합하는 검증과 검증 과정에 한국 전문가 참여 등의 조건을 밝혀 왔는데, 일본이 '추가 조치'를 내놓을지 관심입니다.

 한국 조사단 파견 등이 논의되고 있는 것으로 알려져 결과가 주목됩니다.

 정상회담 주요 의제로는 북핵 대응 등 안보 협력 강화, 첨단 산업과 청년 교류 등 문화 협력 방안이 오릅니다.

 두 정상은 회담 뒤 공동기자회견을 진행할 것으로 보입니다.

 50여 일 만에 다시 만나는 만큼 공동선언이나 구체화된 논의 결과가 도출되긴 어려울 거란 전망이 많습니다.

 기시다 총리의 방한을 앞두고 일부 환경단체들은 일본대사관 앞에서,  후쿠시마 오염수 방류에 반대하는 기자회견을 진행했습니다.

 [최예용/환경운동연합 바다위원회 부위원장 : ""바다는 후쿠시마 원전 오염수를 버리는 쓰레기장이 아닙니다. 바다는 인류 공동의 미래입니다.""]

 기시다 총리는 방한 첫날인 내일 첫 일정으로 현충원을 찾습니다.

 이튿날인 모레(8일)는 한일의원연맹과 기업인들을 잇따라 만날 것으로 예상됩니다.

 KBS 뉴스 우한솔입니다.

 영상편집:최근혁/그래픽:고석훈

▣ KBS 기사 원문보기 : http://news.kbs.co.kr/news/view.do?ncd=7669192

▣ 제보 하기
◇ 카카오톡 : 'KBS제보' 검색
◇ 전화 : 02-781-1234
◇ 홈페이지 : https://goo.gl/4bWbkG
◇ 이메일 : kbs1234@kbs.co.kr

#한일정상회담 #후쿠시마 #오염수",25,PT2M15S,2d,hd,false,,269,5,0
-mXaeKlXaIQ,2023-05-06 21:32:21,"김남국 “일부만 현금화, 대부분 코인 보유 중”…국민의힘 “입법권 남용” [9시 뉴스] / KBS  2023.05.06.","더불어민주당 김남국 의원이 60억 원대 코인을 거래했다는 의혹이 제기되면서 논란이 이어지고 있습니다. 가상화폐는 현행법에 따라 재산 신고 의무는 아니지만 만약 현금화를 했다면 문제는 달라지는데요. 김 의원 측은 KBS와의 통화에서 코인을 일부만 현금화하고, 대부분은 다른 코인으로 갖고 있다고 주장했습니다. 국민의힘은 이해충돌 소지가 있다며 비판을 이어갔습니다. 김시원 기자입니다.

 [리포트]

 더불어민주당 김남국 의원이 갖고 있던  코인 가치는 지난해 초, 최대 60억 원어치나 됐던 것으로 알려졌습니다.

 그런데 지난해 3월 25일, 코인 실명제 도입을 앞두고 모두 인출했다는 내용이 보도돼 논란이 일었습니다.

 공직자가 보유한 가상자산을 의무적으로 신고해야 한다는 필요성이 제기돼 왔지만, 아직 관련 법안이 통과되지 않아 신고 의무 대상에는 빠져있습니다.

 다만 이걸 현금화했다면 반드시 신고해야 하는데, 김 의원의 재산 신고액은 크게 변하지 않아  의심을 키웠습니다.

 금융당국, FIU도 김 의원의 거래에 이상 징후가 있다고 통보해 검찰이 수사하고 있습니다.

 그런데 김남국 의원실 측은 오늘(6일) KBS와의 통화에서, 코인을 일부만 현금화했을 뿐 거의 대부분을 다른 코인으로 바꿔 보유 중이라고 주장했습니다.

 코인 전부를 현금으로 인출한 게 아니라 거래소를 바꾼 것이라면서, 원래 있던 코인을 팔고 다른 코인들을 사서, 지금도 보유 중이라는 취지로 주장했습니다.

 코인 가치가  폭락했다고도 했습니다.

 국민의힘은 김 의원이 가상자산 과세 유예 법안을 발의해 이해 충돌 소지가 있다며,  비판을 이어갔습니다.

 [윤희석/국민의힘 대변인 : ""김남국 의원은 코인을 보유한 채로 과세 유예 법안을 발의해 이해 충돌을 넘어 국회의원의 입법권도 남용했습니다.""]

 김 의원은 SNS에 낸 입장문에서 정치 생명을 걸고  적법한 거래였다고 주장한 뒤 이번 논란이  '한동훈 검찰' 발이라고 주장했습니다.

 한 장관은 구체적 사안은 모르지만, 누구도 김 의원에게 코인을 사라거나 금융당국에 적발되라고 한 적이 없다며, 논리와 근거 없이 국가기관을 폄훼하는 게 유감이라고 밝혔습니다.

 KBS 뉴스 김시원입니다.

 촬영기자:류재현/영상편집:이진이/그래픽:김석훈

▣ KBS 기사 원문보기 : http://news.kbs.co.kr/news/view.do?ncd=7669196

▣ 제보 하기
◇ 카카오톡 : 'KBS제보' 검색
◇ 전화 : 02-781-1234
◇ 홈페이지 : https://goo.gl/4bWbkG
◇ 이메일 : kbs1234@kbs.co.kr

#김남국 #코인 #가상화폐",25,PT2M31S,2d,hd,false,,340,2,0
LHLaZdVLEKA,2023-05-06 19:11:41,오늘 70년 만의 영국 국왕 대관식 시작 / KBS  2023.05.06.,"영국 찰스 3세 국왕의 대관식이 조금 전 영국 웨스트민스터 사원에서 시작됐습니다. 70년 만에 열리는 대관식을 축하하기 위해 약 100개국 정상들도 행사에 참석하는데 행사에 막대한 세금이 투입되는 걸 비판하는 목소리도 나옵니다. 런던에서 유호윤 특파원이 보도합니다.

 [리포트]

 찰스 3세가 왕위에 올랐음을 정식으로 공표하는 대관식이 조금 전인 현지 시각 오전 11시에 시작했습니다.

 찰스 3세 부부가 탑승한 마차는 버킹엄 궁을 출발해  더 몰과 트래펄가 광장을 거쳐 행사장인 웨스트민스터 사원에 도착했습니다.

 국왕 부부 행렬 경로에 일찍부터 자리잡은 사람들은 행사에 대한 기대감을 숨기지 않았습니다. 
 
  [헬렌 켈런/영국 시민 : ""찰스 3세 국왕과 윌리엄 왕세자, 캐서린 왕세자비, 나머지 왕실 가족들을 보려고요. 이건 생애 한 번 있을 경험이잖아요.""]

 찰스 3세는 왕세자 책봉 65년 만에  대관식에서 왕관을 쓰고  영국과 14개 영연방 왕국의 군주가 됐음을 선포하게 됩니다.

 현지에선 이번 대관식을 1000년 넘는 왕실의 전통을 선보이는  화려함과 격식의 자리라고 설명합니다.

 이번 행사를 위해 2천 2백여 명의 하객들도 초청됐습니다.

 마크롱 프랑스 대통령과  영연방인 캐나다, 호주, 뉴질랜드 총리 등 약 100개국 정상들을 포함해 203개국 대표단이 참석했습니다.

 미국은 바이든 대통령을 대신해 부인 질 바이든 여사가, 한국에선 한덕수 국무총리가 자리했습니다.

 다만 러시아 푸틴 대통령을 비롯해 벨라루스, 이란 등은  초청받지 못했습니다.

 이번 대관식은  경제 상황을 고려해 규모를 상당 부분 축소하고, 행사 내용에 종교적 다양성도 반영했습니다.

 행사는 약 2시간에 걸쳐 진행될  예정이며, 대관식이 끝나면 찰스 3세 부부은 같은 경로로  버킹엄 궁으로 돌아갈 예정입니다.

 다만 일각에선 대관식 행사에 막대한 세금이 투입되는 것을 두고 비판의 목소리도 나오고 있습니다.

 찰스 3세 국왕 행렬이 지나는 트래펄가 광장에선  군주제 반대 시위도 열렸습니다.

 영국 경찰은 행사 안전을 위해  2만 9천 명의 경찰 인력을 투입했다고  밝혔습니다.

 런던에서 KBS 뉴스 유호윤입니다.

 촬영:김영환/영상편집:양의정

▣ KBS 기사 원문보기 : http://news.kbs.co.kr/news/view.do?ncd=7669176

▣ 제보 하기
◇ 카카오톡 : 'KBS제보' 검색
◇ 전화 : 02-781-1234
◇ 홈페이지 : https://goo.gl/4bWbkG
◇ 이메일 : kbs1234@kbs.co.kr

#대관식 #영국 #찰스3세",25,PT2M36S,2d,hd,false,,2034,20,0
P4NtwotrLho,2023-05-06 21:26:55,‘찰스 3세’ 시대 개막…70년 만의 세기의 행사 [9시 뉴스] / KBS  2023.05.06.,"영국에서는 찰스 3세가 오늘(6일) 대관식을 치르고 정식으로 영국 국왕 자리에 올랐습니다. 70년 만에 열린 대관식에 세계의 관심이 집중됐는데요. 런던 현지 연결해 자세히 알아보겠습니다. 유호윤 특파원, 지금 시간이면 대관식은 끝났을 텐데, 어떻게 진행이 됐습니까?

 [기자]

 찰스 3세 국왕 부부는 황금 마차를 타고, 조금 전 저희가 있는 곳  인근 도로를 거쳐 버킹엄궁으로 돌아갔습니다.

 70년 만에 열린 영국 국왕의 대관식은  한국 시각으로 저녁 7시 웨스트민스터 사원에서 열렸습니다.

 지난해 9월 엘리자베스 2세가 서거한 이후 찰스 3세가 왕위에 올랐음을 정식으로 공표하는 행사가 마무리된 겁니다.

 대관식은 천년이 넘는 영국 왕실의 전통을 가장 화려하고 상징적으로 보여주는 행사이기도 합니다.

 찰스 3세는  1300년에 만든 대관식 의자에 앉았고, 1661년 4백 개가 넘는 보석으로 만든 성 에드워드 왕관을 썼습니다.

 다만 이번 대관식이 전통만 고수한 건 아닙니다.

 어려운 경제 여건을 고려해 행사 규모를 줄였고,  행사 내용엔 종교 다양성 같은 현대적 가치도 반영했습니다.

 21세기 처음 열린 대관식에  약 100개국 정상을 포함해  203개국 대표단이 참석했는데 한국에선 한덕수 국무총리가 함께했습니다.

 [앵커]

 영국 국가적으로 의미가 큰 행사였을 텐데요.

영국 국민들 반응은 어떻습니까?

 [기자]

 보시는 것처럼 런던 시내는  대관식을 축하하려는 인파가 몰렸습니다.

 시내 곳곳도 화려한 장식물들로 꾸며져 있는데요.

 하지만 마냥 축하 분위기만 있는 건 아닙니다.

 영국 왕실은 천문학적인 자산을  가지고 있는데,  왜 1,700억 원이 넘는 세금을 들여  대관식을 치르냐는 비판도 있습니다.

 오늘 트래펄가 광장에선 국왕 부부 행렬이 지나갈 때 군주제 반대 시위도 열렸습니다.

 젊은 층을 중심으로 왕실 지지율을 낮아지고 있고요.

 영연방 국가들의  이탈 움직임도 있는데,  찰스 3세가 직면한 과제들이 많습니다.

 지금까지 런던에서 전해드렸습니다

 촬영:김영환/영상편집:이웅

▣ KBS 기사 원문보기 : http://news.kbs.co.kr/news/view.do?ncd=7669195

▣ 제보 하기
◇ 카카오톡 : 'KBS제보' 검색
◇ 전화 : 02-781-1234
◇ 홈페이지 : https://goo.gl/4bWbkG
◇ 이메일 : kbs1234@kbs.co.kr

#찰스3세 #국왕 #대관식",25,PT2M19S,2d,hd,false,,947,9,0
1PVweRYtX20,2023-05-06 18:41:28,LIVE – 찰스 3세 영국 국왕 오늘 대관식...이 시각 런던은? /65년 만에 왕관 주인으로[리얼라이브]2023년 5월 6일(토)/KBS,"영국 국왕 찰스 3세의 대관식이 우리 시간으로 오늘(6일) 오후 7시 영국 웨스터민스터사원에서 열립니다. 

찰스 3세는 1958년 왕세자로 책봉된 뒤 지난해 9월 어머니인 엘리자베스 2세 여왕이 세상을 뜨자 64년 만에왕위를 계승했지만 공식 즉위는 오늘 대관식을 통해 이뤄집니다.

영국 왕실은 대관식을 간소화하고 다양성을 포용하려는 모습을 강조하는 등 현대화된 모습을 보여줄 것이라고 밝혔습니다. 

만반의 준비를 끝내고 70년 만의 대관식을 앞둔 런던의 모습을 실시간으로 확인하시기 바랍니다. 


#대관식 #찰스3세 #영국왕실 #런던 #왕관 #황금마차


▣ KBS뉴스 유튜브 구독하기 : https://goo.gl/qCWZjZ
▣ KBS뉴스 유튜브 커뮤니티 : https://goo.gl/6yko39
▣ KBS 뉴스  
◇ PC : http://news.kbs.co.kr    
◇ 모바일 : http://mn.kbs.co.kr 
▣ 인스타그램: https://www.instagram.com/kbsnews    
▣ 페이스북: https://www.facebook.com/kbsnews  
▣ 트위터: https://twitter.com/kbsnews
▣ 틱톡 :  https://tiktok.com/@kbsnewsofficial",25,PT4H37M13S,2d,hd,false,,29389,170,0
7eguvdA57II,2023-05-06 17:14:39,인플루엔자 6주째 증가…어린이·청소년 주도 / KBS  2023.05.06.,"인플루엔자 유행이 주로 어린이와 청소년이 많이 걸리는 가운데 6주 연속 지속되고 있습니다. 질병관리청은 최근 일주일간 표본감시 의료기관을 찾은 외래환자 가운데 독감 의심 환자는 천 명당 23명으로
전 주보다 16% 늘어나 6주 연속 증가했다고 밝혔습니다. 연령별로 보면  7세에서 12세 독감 의심환자 비율은 천 명당 43.1명, 13세에서 18세 환자는 천 명당 34.5명으로 최근 유행은 어린이와 청소년이 주도하고 있습니다. 보건당국은 손씻기와 기침 예절을 잘 지키는 등 개인위생을 철저히 지켜 달라고 당부했습니다.

▣ KBS 기사 원문보기 : http://news.kbs.co.kr/news/view.do?ncd=7669161

▣ 제보 하기
◇ 카카오톡 : 'KBS제보' 검색
◇ 전화 : 02-781-1234
◇ 홈페이지 : https://goo.gl/4bWbkG
◇ 이메일 : kbs1234@kbs.co.kr

#인플루엔자 #독감 #독감환자",25,PT49S,2d,hd,false,,473,9,0
Dr6_RCOuwD4,2023-05-06 17:00:03,"[자막뉴스] ""생일 선물 줄 수가 없다""...억장 무너지는 아빠 / KBS 2023.05.06","1.7톤짜리 원통형 화물이 등굣길을 덮친 사고 현장.

어린 초등학생이 하늘의 별이 되어 떠난 자리엔 꽃과 간식이 놓였습니다.

시끌벅적해야 할 등굣길은 애통함만이 감돌고, 6학년 오빠는 숨진 후배가 좋아했을 법한 막대사탕을 말없이 건넵니다.

[장성한/초등학생 : ""불쌍하기도 하고, (마음이) 아프기도 했습니다. 제 동생도 '사고가 날 수 있겠다, 조심해야겠다'는 생각이 들었습니다.""]

하늘에 닿길 바라며 이름 모를 누군가가 남긴 추모글에 이웃 주민들도 눈물을 감추지 못합니다.

[이주희/이웃 주민 : ""속상한 마음만 크고, 죽은 아이는 돌아올 수 없고 그게 너무 안타깝고….""]

무엇보다 안전한 등굣길을 만들어주지 못한 미안함, 어른들의 몫으로 남았습니다.

[정회순/학부모 : ""저희도 같은 엄마로서 그 아이를 지켜주지 못했다는 게 너무 마음 아픕니다.""]

SNS에는 ""우리 아이에 대해 기억하고 싶어 글을 쓴다""며 ""5월 아이 생일을 맞아 미리 준비한 선물을 이제 전해줄 수가 없다""는 숨진 아이 아버지가 쓴 것으로 보이는 글이 게시됐습니다.

이런 가운데 사고 원인이 된 하역작업과 관련해서도 비슷한 작업이 수시로 진행됐다는 증언이 잇따르고 있습니다.

[이웃 주민 : (""적재물 옮기고 이런 것들이 잦았습니까? 어떻습니까?) 아침, 점심, 저녁 매일 (작업해요.) 지금 원래 막 (작업) 해야 하는데 이 사고 때문에 못하고 있는 거예요.""]

경찰은 일단 지게차 운전자를 입건하고, '업무상 과실치사' 혐의 적용을 검토하는 등 구체적인 사고 원인 파악에 주력하고 있습니다.

한편, 지난달 6일 하윤수 부산시 교육감이 영도구청장 등과 함께 사고 현장 인근에서 통학로 안전 확보를 위한 선포식까지 열었는데도 불구하고 한 달도 안 돼 사고가 나면서, 선포식 후 후속 조치가 제대로 있었는지에 대한 비판도 나오고 있습니다.

KBS 뉴스 이준석입니다.

▣ 제보 하기
◇ 카카오톡 : 'KBS제보' 검색 
◇ 전화 : 02-781-1234
◇ 홈페이지 : https://goo.gl/4bWbkG
◇ 이메일 : kbs1234@kbs.co.kr

#부산 #등굣길 #추모",25,PT1M53S,2d,hd,false,,2290,18,8
AhSx1uJslIo,2023-05-06 21:16:42,"“비행기 소리 나더니 별안간 쾅”…미군 F-16, 평택서 추락 [9시 뉴스] / KBS  2023.05.06.","그런가 하면 오늘(6일) 경기도의 한 농촌에는 비행기가 떨어지기도 했습니다. 훈련 중이던 주한 미군의 'F-16' 전투기가 추락한 건데요. 천만다행으로 조종사는 탈출했고, 기체도 '농지'에 떨어져서 주민들 인명 피해로는 이어지지 않았습니다. 다만, '추락 지점'이 민가에서 아주 가까웠습니다.

최혜림 기자입니다.

 [리포트]

 형체를 짐작하기 힘들 정도로 부서진 비행기 잔해에서 불길이 피어오릅니다.

 소방대원들은 농지 한가운데로 투입돼 진화 작업을 벌입니다.

 오늘 오전 9시 30분쯤 경기도 평택시 팽성읍에 전투기 한 대가 추락했습니다.  

  [정군자/경기도 평택시 : ""별안간 쾅 하더니 '어머 이거 왜 그래' 그랬더니 현관을 보니까 불이 확 들어왔어요. 우리 집에서 조금 나오면 여기가 보이거든...""]

 제 뒤에 보이는 곳이  전투기가 추락한 논입니다.

 추락지점에서 민가까지는 불과 300여m밖에 떨어져 있지 않습니다.

 [강경님/경기도 평택시 : ""비행기 소리가 나길래 이렇게 (창문 밖을) 쳐다봤더니 큰 전투기더라고 색깔이 시커매가지고 막 가더라고요. (40년 동안 살았는데) 오늘 처음이야 비행기 가는거, 그렇게 가는거.""]

 사고가 난 비행기는 주한미군 제8전투비행단 소속  F-16 전투기.

 다행히 추락 장소가 농지 한가운데라 주민 피해는 없었고, 미군 조종사 역시 추락 전 탈출해 큰 피해는 입지 않았습니다.

 미군은 현장을 통제하고 기체 조각들을 수집하며 사고 원인 조사 작업에 들어갔습니다.

 주한미군은 별도로 낸 입장문을 통해 ""치료센터로 이송된 조종사는 현재 안정된 상태""라면서 ""관련 데이터 검토 등을 위해 독립적인 조사 위원회를  만들 것""이라고 밝혔습니다.

 현장에 대한 통제는 앞으로 일주일간 이어질 계획입니다.

 KBS 뉴스 최혜림입니다.  

촬영기자:서다은/영상편집:신남규/그래픽:고석훈/화면제공:시청자 한영수

▣ KBS 기사 원문보기 : http://news.kbs.co.kr/news/view.do?ncd=7669191

▣ 제보 하기
◇ 카카오톡 : 'KBS제보' 검색
◇ 전화 : 02-781-1234
◇ 홈페이지 : https://goo.gl/4bWbkG
◇ 이메일 : kbs1234@kbs.co.kr

#F16 #미군 #전투기",25,PT1M57S,2d,hd,false,,963,7,0
9VNWK6JBJec,2023-05-06 20:57:57,"[LIVE] 언제, 어디서나 KBS NEWS D","KBS1,  KBS2TV에서 선별된 뉴스, 시사, 다큐멘터리 프로그램들을 365일 24시간 실시간으로 전해드립니다. 

▣ 실시간 편성정보(Schedule) : https://goo.gl/DRTpbv

▣ KBS 뉴스 보기
 ◇ PC : http://news.kbs.co.kr
 ◇ 모바일 : http://mn.kbs.co.kr

▣ 제보안내
 ◇ 카카오톡에서 'KBS뉴스' 검색
 ◇ 전화: 02-781-1234
 ◇ 홈페이지: https://goo.gl/4bWbkG
 ◇ 이메일: kbs1234@kbs.co.kr

▣ KBS뉴스 유튜브 구독하기 : https://goo.gl/qCWZjZ
▣ KBS뉴스 유튜브 커뮤니티 : https://goo.gl/6yko39",25,P0D,2d,sd,false,,4339,43,0
WwlB4LfNtVQ,2023-05-06 17:08:43,평택서 미군 F-16 전투기 추락…“탈출 조종사 치료 중” / KBS  2023.05.06.,"훈련 중이던 주한 미군 소속 전투기가 경기도 평택의 한 농지에 추락했습니다. 다행히 전투기를 몰던 조종사는 추락 직전 탈출해, 인명 피해는 없었습니다. 공민경 기자의 보도입니다.

 [리포트]

 밭 한가운데에 산산이 조각난 비행기 잔해가 불타고 있습니다.

 연기와 불에 휩싸인 잔해는 원래 형체를 알아보기 힘들 정도입니다.

 오늘 오전 9시 30분쯤 경기도 평택시 팽성읍의 한 농지에 커다란 굉음과 함께 비행기 한 대가 추락했습니다.

[한영수/사고 당시 목격자 : ""우리 동네가 항상 미군 전투기가 많이 지나다녀요, 훈련하고. 그건 줄 알았는데 갑자기 꽝 소리가 나더라고요. 전쟁 난 줄 알았어요.""]

 추락한 비행기는 주한미군 소속 F-16 전투기.

 이번 추락으로 기체는 크게 훼손됐지만, 추락 지역이 민가가 없는 농지여서 주민 등의 인명 피해는 없었습니다.

 전투기를 혼자 몰고 있던 미군 조종사 한 명 역시 추락 직전 탈출했습니다.

 해당 전투기는 미 7공군 제8전투비행단 소속인 것으로 파악됐습니다.

 주한미군은 공식 입장문을 통해 ""사고 당시 조종사는 일상적인 주간 비행 훈련에 참여 중""이었으며, ""탈출 뒤 인근 의료기관으로 옮겨져 치료를 받고 있다""고 밝혔습니다.

 현재 주한미군은  사고 현장의 접근을 통제한 채, 추락지점에 남겨진 기체 부품 등을 살펴보며 추락 원인을 조사하고 있습니다.

 경찰 역시 ""사고 지역은 미군 부대가 상시적으로 훈련하는 곳""이라면서, ""훈련 중에 추락한 것으로 추정된다""고 밝혔습니다.

 KBS 뉴스 공민경입니다.

 촬영기자:서다은/영상편집:김형기/화면제공:시청자 한영수

▣ KBS 기사 원문보기 : http://news.kbs.co.kr/news/view.do?ncd=7669157

▣ 제보 하기
◇ 카카오톡 : 'KBS제보' 검색
◇ 전화 : 02-781-1234
◇ 홈페이지 : https://goo.gl/4bWbkG
◇ 이메일 : kbs1234@kbs.co.kr

 #F16 #전투기추락 #조종사",25,PT1M55S,2d,hd,false,,94258,894,319
Wi1qJTA-ypc,2023-05-06 21:43:53,‘챗GPT’ 단속 나선 기업들…보안이냐 효율이냐 [9시 뉴스] / KBS  2023.05.06.,"'챗GPT'와 같은 생성형 AI를 두고 기업들의 고민이 깊어지고 있습니다. 효율적인 업무에 큰 도움이 되지만 정보 유출 등 보안 문제가 여전하기 때문인데요. 급기야 일부 기업들은 챗GPT 사용을 제한하고 나섰습니다. 민정희 기자입니다.

 [리포트]

 번역은 기본, 문서 요약에서 광고 문구 작성까지, 다양한 분야에서  활용되고 있는 챗GPT.

 하지만 챗GPT 단속에 나선 곳들이 급격히 늘고 있습니다.

 삼성전자 반도체 부문은 챗GPT에 입력할 수 있는 글자 수를 제한했습니다.

 SK하이닉스는 챗GPT 사용이 필요한 경우 회사의 승인을 받아야 하고, 포스코는 사내 온라인망에서만 쓸 수 있도록 했습니다.

 국가정보원도  최근 각 부처에 공개된 정보를 바탕으로 서비스를 이용할 것을 당부했습니다.

 이처럼 기업이나 정부 기관이 사용을 제한한 건 보안 문제 때문입니다.

 챗GPT에  한번 입력된 정보는 서버에 남아서 이후 다른 이용자가 관련 정보를 요구할 때 활용되는데, 이 과정에서 중요한 기밀이 유출될 수 있다는 겁니다.

 실제로  삼성전자가 사업장 내에서 챗GPT 사용을 허가하자마자, 민감한 사업 정보가 미국 기업의 학습 데이터로 입력된 것으로 전해졌습니다.

 [최경진/한국인공지능법학회장 : ""기업의 영업 비밀이라든가 기밀 같은 것들이 각종 AI를 통해서 유출될 수 있는 가능성은 충분히 존재하죠.""]

 보다 적극적으로 챗GPT를 대체하기 위한 보완책도 준비 중입니다.

 삼성전자와 포스코는 업무용 자체 AI를, 네이버는 기업과 정부가 활용할 수 있는 서비스를 개발하고 있습니다.

 [권명호/네이버 관계자 : ""AI를 활용하고 싶은데 그런 인프라는 없는 상황에서, 그걸 쉽게 이용할 수 있도록 인프라를 제공한다고 봐주시면 될 것 같아요.""]

 빠른 시간 내에  우리 일상을 파고든 AI 기술, 업무 효율과 정보 유출이란 갈림길에서  인간을 시험하고 있습니다.

 KBS 뉴스 민정희입니다.

 영상편집:황보현평/그래픽:김정현

▣ KBS 기사 원문보기 : http://news.kbs.co.kr/news/view.do?ncd=7669209

▣ 제보 하기
◇ 카카오톡 : 'KBS제보' 검색
◇ 전화 : 02-781-1234
◇ 홈페이지 : https://goo.gl/4bWbkG
◇ 이메일 : kbs1234@kbs.co.kr

#챗gpt #보안 #기밀유출",25,PT2M12S,2d,hd,false,,409,4,0
0ohsx9gG9p0,2023-05-06 16:30:00,"전국에 200개, 대기 손님 150명…넘쳐 나는 출렁다리, 지금은?  / KBS  2023.05.06.","전국에 설치된 출렁다리가 2백 개가 넘습니다. 대부분 개통 초기 반짝 효과를 내다  외면받기 일쑤인데요. 그걸 알면서도 왜 지자체들이 앞다퉈  출렁다리 건설에 나서는지, 출렁다리 효과를 보려면  어떤 노력이 필요한지, 서영준, 한솔 기자가 연속 보도합니다.

 [리포트]

 개통 1년 된  금산 월영산 출렁다리에는 전국에서 관광객 발길이 이어지고 있습니다.

 수려한 경관에 지상 40미터 위에서 느끼는  출렁임이 매력으로 꼽히고 있습니다.

 [정순옥·정말순/서울시 강서구 : ""마음이 시원하고 바람도 시원하고, 마음이 확 열리는 기분이었어요.""]

 [박인옥/아산시 배방읍 : ""산도 좋고 물도 너무 맑은데, 출렁다리가 너무 예쁘더라고요.""]

 개통 후 1년간 방문객은 68만 3천여 명, 금산 인구의 13배가 넘습니다.

 인구 5만의 금산에서  가장 인기 있는 관광지가 됐습니다.

 인근 식당가는 출렁다리 개통 후 유입인구가 85% 늘었습니다.

 신용카드 연간 결제액도 개통 전보다 50% 넘게 늘었습니다.

 [허희진/출렁다리 인근 식당 업주 : ""그 전에는 대기 손님 표를 안 줬거든요. 그런데 주말 같은 경우에는 대기 손님 표가 100번에서 150번까지 나가고 있습니다.""]

 출렁다리 특수는  10km 떨어진 인삼약초시장까지 미치고 있습니다.

 출렁다리 개통 후  1년간 방문한 관광버스가 4천 7백여 대로, 그 전 1년간의  2.6배에 달했습니다.

 [최선이/금산인삼시장 상인 : ""부산에서도 왔다고 하고, 창원에서 왔다고 하고, 서울이나 경기도에서도 많이 오고….""]

 금산군은  깻잎과 인삼뿐이었던 지역경제에 관광산업의 토대를 마련한 것으로 평가하고 있습니다.

 [한지나/금산군 관광진흥팀 주무관 : ""출렁다리를 개통하면서 관광객들이 많이 오는걸 보고, 금산군도 관광지로서 가능성이 있구나 평가하고 있습니다.""]

 이렇게 개통 초기 몰리는 관광객을 노리고 너도나도 출렁다리 건설에 나서지만 효과가 길지 않다는 게 고민입니다.

 KBS 뉴스 서영준입니다.

▼ 전국에 난립…방문객 뚝

 14년 전 충남 최초로 개통한 길이 207미터의 청양 천장호 출렁다리.

 당시만 해도  국내 최장이란 이름값 때문에 관광객 발길이 이어졌지만 지금은 한산합니다.

 인근 예산과 논산에 잇따라 출렁다리가 생기면서 2015년 77만 명에 달했던 방문객이 지난해 20만 명으로 급감했습니다.

 4년간 630만 명이 찾았던 예산의 예당호 출렁다리도 방문객 감소를 피하지 못하고 있습니다.

 개통 첫해인 2019년 295만 명에 달했던 방문객이  지난해 103만 명으로  65%나 줄었습니다.

 전국 200여 곳에 출렁다리가 난립하며 희소성이 사라졌고, 출렁임 말고는 특성도 없다 보니  흥미를 주지 못한 탓입니다.

 방문객이 줄면서 경제효과도 감소할 수밖에 없습니다.

 [윤택중/서울시 온천동 : ""출렁다리만 있지 주변 경관이 전혀 없어요. 물과 다리 하나밖에 없어요. 그러니까 단조롭고 아무 흥미를 못 느끼지요.""]

 출렁다리 효과를 살리려면  출렁다리 체험이 전부가 아니라 일부가 되도록 해야 합니다.

 출렁다리 주변에 다양한 관광시설을 지어 단지화하거나 이웃 시군과 협력해 연계관광 코스를 개발하는 등 출렁다리 하나에만  의존하지 않도록 하라는 겁니다.

 [정강환/배재대 관광경영학과 교수 : ""다리를 건너오면 어떤 부분들과 연계가 되고, 다른 시설들과 연계가 될 수 있는, 조금 더 복합적인 콤플렉스(관광단지)로 생각하는 마인드가 필요합니다.""]

 또 한겨울과 한여름 같은  비수기에 활용 방안도 세워야  출렁다리 효과를 유지할 수 있다는 게 전문가들의 지적입니다.

 KBS 뉴스 한솔입니다.

 촬영기자:안성복

▣ KBS 기사 원문보기 : http://news.kbs.co.kr/news/view.do?ncd=7668184

▣ 제보 하기
◇ 카카오톡 : 'KBS제보' 검색
◇ 전화 : 02-781-1234
◇ 홈페이지 : https://goo.gl/4bWbkG
◇ 이메일 : kbs1234@kbs.co.kr

#출렁다리 #관광객 #경제효과",25,PT4M8S,2d,hd,false,,80275,445,155
fc8z3DzuJb4,2023-05-06 21:35:49,거리두기 해제 첫 봄…수족구 9배 늘어 [9시 뉴스] / KBS  2023.05.06.,"코로나19 방역 완화로 올해는 마스크를 벗고 봄을 맞게 됐죠. 답답함은 벗었지만 다른 감염병이 확산하고 있습니다. 최근까지는 감기와 독감이 기승을 부렸는데, 이번에는 영유아들 사이에서 수족구가 번지고 있습니다. 하초희 기자의 보도입니다.

 [리포트] 

 소아청소년과의원 대기실이 어린 환자들로 북적입니다.

 고열과 복통으로 병원을 찾은 이 4살 어린이, 입 안 곳곳에 노랗게 물집이 잡혔습니다.

 손과 발, 입 속에  물집이 생기는 수족구입니다.  

  [주영빈/수족구 환아 보호자 : ""(애가) 밤에 열이 나서, 그런데 갑자기 배가 아프다고 그래서 둘째도 혹시나 걱정했는데, 어젯밤에 미열이 나서요. 설사도 좀 하는 거 같아서...""]

 일반적으로 수족구는  여름과 가을철에 유행하는데 올해는 유난히 일찍 확산하고 있습니다.

 통계를 보면, 지난달 중순, 수족구 환자는  외래환자 천 명당 2.7명꼴로 나왔습니다.

 지난해 같은 기간 0.3명이었는데,  9배로 뛰었고 2년 전보다는 13배 넘게 많아졌습니다.

 수족구는  감염자의 침이나 콧물 등으로 전파됩니다.

 코로나19 방역 완화로 마스크를 벗으면서 빠르게 퍼지고 있습니다.

 [이재요/소아청소년과의원 원장 : ""코로나 시즌에는 마스크 끼고 거리 두기 하니까 (환자가) 없었다가 이제 해제가 되면서 급격히 4월부터 늘어나서 지금 하루에 거의 20명까지 오고 있습니다.""]

 수족구가 일찍 그리고 빠르게 확산하자 어린이집과 체육시설 등은 방역에 비상이 걸렸습니다.  

  [권순후/어린이 체육시설 대표 : ""수족구, 이런 것들 때문에 아이들을 위해서 방역 및 교구들을 철저히 깨끗하게 관리를 하고요. 아이들을 위해서 시간대별로 아이들을 나눠서 수업하고 있는 중입니다.""]

 전문가들은  고열이나 입 속 물집 등 증상이 있으면 외부활동을 피하고,  손 씻기 등 개인 방역을 철저하게 해야 한다고 당부했습니다.

 KBS 뉴스 하초희입니다.

 촬영기자:김남범

▣ KBS 기사 원문보기 : http://news.kbs.co.kr/news/view.do?ncd=7669198

▣ 제보 하기
◇ 카카오톡 : 'KBS제보' 검색
◇ 전화 : 02-781-1234
◇ 홈페이지 : https://goo.gl/4bWbkG
◇ 이메일 : kbs1234@kbs.co.kr

#수족구병 #콧물 #침",25,PT2M7S,2d,hd,false,,331,4,0
cpmMFb94A4o,2023-05-06 21:33:26,[단독] “두 달간 40차례”…파주어린이집 ‘아동학대’ 수사 [9시 뉴스] / KBS  2023.05.06.,"경기 파주의 한 어린이집에서 아동학대 의혹이 불거져 경찰이 수사에 나선 것으로 KBS 취재 결과 확인됐습니다. 두 달 동안 5살 아이들을 상대로 40여 건의 학대 정황이 드러났습니다. 정해주 기자의 단독 보도입니다.

 [리포트]

 어린이집의 낮잠시간, 5살 A 군이 잠들지 못하고 뒤척이자 교사가 툭, 발길질을 합니다.

 그러더니 아이를 끌고 복도 쪽으로 내보내 버립니다.

 다른 날 CCTV. 책상에 앉아있던 A 군을 거세게 끌어오는가 하면, 팔을 잡아채 넘어뜨리기도 합니다.

 A 군의 부모는 어린이집을 다녀온 아이가 언젠가부터  이유 없이 사과를 반복하는 모습에 이상함을 느꼈다고 했습니다.

 [아동학대 피해 A 군 아버지 : ""(아이가) 대화할 때 알려주지 않았던 말들을 막 하니깐. '잘못했어요.', '용서해주세요.' 그런 거를…""]

 경찰 신고 후  CCTV를 확인하고서야 학대 정황을 확인했는데, 해당 교사에게 피해를 입은 건 A 군 만이 아니었습니다.

 같은 반 아이 5명이  불필요한 신체 접촉이나 방치 등 학대에 노출됐던 거로 드러났습니다.

 횟수는 두 달 사이 40여 건이었습니다.

 최근 뇌종양 수술을 받은 아이도 관심을 받기는커녕 방치됐습니다.

 [김OO/학대 피해 B 군 어머니 : ""아이가 불안해하다가 바지에 오줌을 싸더라고요. 근데 원장이랑 선생님이 나와서 아이 바지랑 속옷을 다 벗겨놓고, 반 아이들이 있는데 가운데서 아이를 그냥 앉혀놨더라고요.""]

 하지만 해당 교사는 제대로 사과하는 대신, 자신에게 스트레스를 준 아이들을 탓했다고 했습니다.

 [김OO/학대 피해 B 군 어머니 : ""선생님은 자기 잘못이 아닌 오히려 원에 있는 아이 탓으로 돌리시더라고요. 그 아이 때문에 스트레스를 많이 받아서 그랬다는 둥…""]

 이후 해당 교사는 어린이집을 그만뒀고, 취재진의 연락도 받지 않았습니다.

 어린이집은 별다른 제재 없이 운영되고 있습니다.

 [어린이집 관계자/음성변조 : ""수사 중이어서 아직 결과 나온 게 없고 그래서...""]

 경찰은 가해 교사와 원장에게  아동학대 혐의를 적용해,  수사하고 있습니다.

 KBS 뉴스 정해주입니다. 

촬영기자:최하운 정준희/영상편집:신남규

▣ KBS 기사 원문보기 : http://news.kbs.co.kr/news/view.do?ncd=7669197

▣ 제보 하기
◇ 카카오톡 : 'KBS제보' 검색
◇ 전화 : 02-781-1234
◇ 홈페이지 : https://goo.gl/4bWbkG
◇ 이메일 : kbs1234@kbs.co.kr

#아동학대 #어린이집 #파주",25,PT2M16S,2d,hd,false,,284,19,0
R4DghKbPwkY,2023-05-06 18:00:14,"[자막뉴스] 교문서 네 걸음, 아이들 통행로 끊고 새로 생긴 것은? / KBS 2023.05.06","초등학교 통학로를 따라 가림막이 설치돼 있습니다.

올해 8월 완공 예정인 전기차 충전소 공사장입니다.

전기차 충전소가 들어서면 이 길 중간은 차량 진입로가 될 예정입니다.

교문으로부터 네 걸음 남짓밖에 되지 않습니다.

통행로를 쪼개 차량 진출입로를 만들겠단 건데, 이렇게 되면 아이들 통학로가 뚝 끊겨버립니다.

[이세빈/초등학교 4학년 : ""1, 2학년들은 좀 무서워할 수도 있어서. 길은 그대로 있고 위험한 길로 안 만들고 그냥 안전한 길로 만들고 싶어요.""]

[권선미/초등학생 학부모 : ""큰 차가 오고 갈 텐데 우리 아이들은 어디로 다녀야 될지 저는 그게 제일 답답하고.""]

법적으로 문제가 없단 게 허가를 내준 지자체 설명입니다.

건축법상 전기차 충전소가 해당하는 '1종 근린생활시설'을 지을 수 있는 지역이란 겁니다.

[시청 관계자/음성변조 : ""건축법에 위배되는 사항이 없었기 때문에. 인허가권자가 모든 걸 다 알기는 조금 힘든 부분이 있어요.""]

교육청은 교육환경법과 관련이 없어 제재하지 않았다고 했습니다.

[교육지원청 관계자/음성변조 : ""전기차 충전소는 교육 환경 보호에 관한 법률에 해당되는 시설이 또 아니에요...""]

건축주도 문제없다는 입장입니다.

[건축사 관계자/음성변조 : ""절차적이나 법리적으로 전혀 문제가 없기 때문에 건축 허가를 받은 건 사실이고요.""]

책임 있는 어른들이 각자 관할 규정만 따지는 사이, 아이들은 위험에 노출됐습니다.

[최재원/도로교통공단 교수 : ""지금은 충전소와 도로가 바로 붙은 부분이기 때문에 현행법에는 저촉이 되지 않지만, 위험 요소가 분명히 존재하거든요.""]

해당 지자체와 건축주 측은 뒤늦게 우회 통학로를 만드는 방안을 협의하겠다고 밝혔습니다.

KBS 뉴스 신현욱입니다.

▣ 제보 하기
◇ 카카오톡 : 'KBS제보' 검색 
◇ 전화 : 02-781-1234
◇ 홈페이지 : https://goo.gl/4bWbkG
◇ 이메일 : kbs1234@kbs.co.kr

#스쿨존 #교통사고 #전기차충전소",25,PT1M50S,2d,hd,false,,10183,127,141
FcoYAT0Djbg,2023-05-06 17:36:26,🔴LIVE – 영국 찰스 3세 대관식 웨스트민스터사원에서 거행/왕세자 책봉 65년 만에 공식 즉위/ 부인 커밀라도 왕비 등극[리얼라이브]2023년 5월 6일(토)/KBS,"영국 국왕 찰스 3세가 오늘(6일) 대관식을 치르고 영국과 14개 영연방 왕국의 군주에 정식으로 즉위합니다. 10살 때인 1958년 영국 왕세자가 된 뒤 65년 만입니다.

찰스 3세는 지난해 9월 8일 엘리자베스 2세 여왕이 서거한 뒤 바로 왕위를 계승했습니다. 8개월 뒤인 오늘 거행되는 대관식은 1953년 엘리자베스 2세의  대관식 이후 70년 만에 열립니다.

유럽에서 21세기 들어 최초로 열리는 이번 대관식에서는 찰스 3세의 부인 커밀라 역시 공식적으로 왕비 칭호를 받게 됩니다. 찰스 3세는 1996년 다이애나 왕세자비와 이혼하고 2005년 커밀라 파거불스와 재혼했습니다. 

찰스 국왕 부부는 버킹엄궁에서 마차 타고 웨스트민스터 사원으로 이동해 대관식을 치르고 퍼레이드를 펼친 뒤 다시 버킹엄궁으로 돌아갑니다. 국왕 등 왕실 가족들은 버킹엄궁에 돌아와서 발코니에 나와 인사를 하고 모든 행사를 마무리합니다.

KBS는 찰스 3세 영국 국왕 대관식을 생중계로 보내드립니다. 


#영국대관식 #찰스3세 #버킹엄궁 #웨스트민스터 #엘리자베스2세 #커멀라 


▣ KBS뉴스 유튜브 구독하기 : https://goo.gl/qCWZjZ
▣ KBS뉴스 유튜브 커뮤니티 : https://goo.gl/6yko39
▣ KBS 뉴스  
◇ PC : http://news.kbs.co.kr    
◇ 모바일 : http://mn.kbs.co.kr 
▣ 인스타그램: https://www.instagram.com/kbsnews    
▣ 페이스북: https://www.facebook.com/kbsnews  
▣ 트위터: https://twitter.com/kbsnews
▣ 틱톡 :  https://tiktok.com/@kbsnewsofficial",25,P0D,2d,sd,false,,88874,625,0
Tgom3x1Thhg,2023-05-06 21:54:16,[날씨] 내일(7일)도 전국에 강풍…중부 오후부터 갬 [9시 뉴스] / KBS  2023.05.06.,"비구름이 동해상으로 빠져나가면서 전국에 내리던 비가 모두 그쳤습니다.

 비는 그쳤지만,  바람은 여전히 강한데요.

 전국에 부는 초속 15m 이상의 강풍은 일요일인 내일도 이어지겠습니다.

 강풍으로 인한 시설물 피해 없도록 주의하시기 바랍니다.

 내일은 전국이 대체로 흐리다가 오후부터 중부지방을 중심으로 차차 맑아지겠고, 호남과 경남, 제주도에는 가끔 비가 오겠습니다.

 내일 제주도에는 5~20mm, 호남과 경남에는 5mm 안팎의 비가 더 내리겠습니다.

 내일 차츰 맑아지는 중부지방은 낮 기온이 큰 폭으로 오를 텐데요.

 서울의 낮 기온 20도, 춘천 18도로 예상됩니다.

 남부지방 기온은 오늘과 비슷하거나 더 낮겠는데요.

 한낮에 부산 15도, 광주 16도로 예상됩니다.

 물결은 전 해상에서  최고 4~5m로 높게 일겠고, 제주도 해안에는  높은 너울이 밀려오는 곳이 있겠습니다.

 다음 주에는 비 소식 없이 맑은 날이 많겠습니다.

 날씨였습니다.

 강아랑/그래픽:이주혁/진행:전민지

▣ KBS 기사 원문보기 : http://news.kbs.co.kr/news/view.do?ncd=7669232

▣ 제보 하기
◇ 카카오톡 : 'KBS제보' 검색
◇ 전화 : 02-781-1234
◇ 홈페이지 : https://goo.gl/4bWbkG
◇ 이메일 : kbs1234@kbs.co.kr

#비 #강풍 #비구름",25,PT1M28S,2d,hd,false,,367,10,0
